<?xml version="1.0" encoding="UTF-8"?>
<project-private xmlns="http://www.netbeans.org/ns/project-private/1">
    <editor-bookmarks xmlns="http://www.netbeans.org/ns/editor-bookmarks/2" lastBookmarkId="0"/>
    <open-files xmlns="http://www.netbeans.org/ns/projectui-open-files/2">
        <group>
            <file>file:/C:/Users/DELL/Documents/NetBeansProjects/RoadRunner_ISystem/src/Income.java</file>
            <file>file:/C:/Users/DELL/Documents/NetBeansProjects/RoadRunner_ISystem/src/Add_Purcherses.java</file>
            <file>file:/C:/Users/DELL/Documents/NetBeansProjects/RoadRunner_ISystem/src/Add_component.java</file>
            <file>file:/C:/Users/DELL/Documents/NetBeansProjects/RoadRunner_ISystem/src/Owner_menu.java</file>
            <file>file:/C:/Users/DELL/Documents/NetBeansProjects/RoadRunner_ISystem/src/Add_Banking.java</file>
            <file>file:/C:/Users/DELL/Documents/NetBeansProjects/RoadRunner_ISystem/src/Add_Sale.java</file>
            <file>file:/C:/Users/DELL/Documents/NetBeansProjects/RoadRunner_ISystem/src/Cashier_menu.java</file>
            <file>file:/C:/Users/DELL/Documents/NetBeansProjects/RoadRunner_ISystem/src/Profit1.java</file>
        </group>
    </open-files>
</project-private>
